1,Gregoor,Iacavone,giacavone0@163.com,Polygender,Database Administrator II,(324) 8331443,675 Sauthoff Road,Qinshan,China,152.129.205.11
2,Hewett,Stoffers,hstoffers1@google.cn,Male,Research Assistant III,(584) 4138319,45205 Carberry Street,Coaraci,Brazil,37.239.0.90
3,Shaun,Walczak,swalczak2@wired.com,Female,Senior Editor,(133) 2172110,49926 Sommers Center,Malandag,Philippines,225.114.161.187
4,Shoshana,Warsop,swarsop3@dell.com,Female,VP Product Management,(835) 1841927,27789 Reinke Pass,Bazhu,China,159.55.4.217
5,Roz,Oxherd,roxherd4@google.pl,Male,Physical Therapy Assistant,(480) 3570815,0795 Eggendart Parkway,Foxrock,Ireland,112.58.123.153
6,Helenelizabeth,Sahnow,hsahnow5@slashdot.org,Female,VP Product Management,(293) 4218516,520 Prairieview Parkway,Mikulasovice,Czech Republic,14.215.160.206
7,Gabe,Godney,ggodney6@smugmug.com,Male,Account Representative III,(721) 7942687,3 Stuart Road,Binalbagan,Philippines,241.210.4.123
8,Angus,McCard,amccard7@exblog.jp,Female,Design Engineer,(920) 2246640,91627 Rigney Terrace,Wuduhe,China,98.171.106.169
9,Dorothy,Poytres,dpoytres8@ted.com,Male,Accountant IV,(348) 4215777,7 Clyde Gallagher Drive,Rogoza,Slovenia,131.102.82.128
10,Olvan,Francesch,ofrancesch9@mayoclinic.com,Female,Biostatistician II,(785) 7505485,150 Mendota Alley,Wulijie,China,99.84.217.131
11,Wenda,Colthard,wcoltharda@parallels.com,Female,Associate Professor,(108) 2431931,49 Katie Place,Vegreville,Canada,255.158.213.149
12,Armstrong,Oldroyd,aoldroydb@amazon.co.jp,Male,Accounting Assistant IV,(783) 7690789,7 Debra Junction,Kyzyl-Oktyabr&rsquo;skiy,Russia,61.130.137.123
13,Corbett,Fenkel,cfenkelc@xing.com,Female,Staff Scientist,(939) 1043840,12297 Norway Maple Junction,Kalangan,Indonesia,140.21.129.151
14,Vergil,Colcutt,vcolcuttd@acquirethisname.com,Female,Recruiting Manager,(830) 2099269,120 Amoth Street,Popayan,Colombia,195.206.150.17
15,Ignace,Mogra,imograe@cisco.com,Female,Marketing Manager,(693) 3253212,46 High Crossing Drive,Itum-Kali,Russia,64.160.172.8
16,Jerrie,Bygraves,jbygravesf@eepurl.com,Bigender,Chemical Engineer,(819) 4502782,2448 Ridgeview Alley,Munster,Germany,250.244.51.55
17,Dorry,Wonham,dwonhamg@fc2.com,Genderfluid,Information Systems Manager,(524) 3762908,37 Moose Way,Vila Boa do Bispo,Portugal,89.251.108.65
18,Oates,Oloshin,ooloshinh@bloglovin.com,Female,Research Nurse,(223) 7950391,6421 Paget Circle,Malalag,Philippines,67.28.188.17
19,Ernesta,O&apos;Mullaney,eomullaneyi@gizmodo.com,Male,Software Test Engineer III,(991) 7167327,4646 Burning Wood Drive,Ojrzen,Poland,2.111.227.124
20,Benedict,Joret,bjoretj@twitter.com,Male,Geologist I,(521) 2565429,57212 Grim Trail,Tariba,Venezuela,4.252.186.90
21,Rickie,Mulder,rmulderk@whitehouse.gov,Female,Senior Sales Associate,(828) 8186077,56 Shopko Place,Fox Creek,Canada,156.232.156.20
22,Parsifal,Crowch,pcrowchl@printfriendly.com,Male,Research Assistant IV,(666) 6687137,29 Meadow Vale Crossing,Itatinga,Brazil,183.62.255.13
23,Eugen,Alleburton,ealleburtonm@comcast.net,Female,Human Resources Manager,(304) 8264447,6 Homewood Terrace,Banjar Bucu,Indonesia,215.78.66.2
24,Velma,Stilgo,vstilgon@ustream.tv,Female,Assistant Media Planner,(886) 1610886,378 Clemons Plaza,Khvastovichi,Russia,253.125.99.234
25,Tiebold,Burkinshaw,tburkinshawo@wunderground.com,Male,Operator,(887) 4298338,4 Everett Street,Maikawada,Indonesia,140.59.55.249
26,Livvy,Kipling,lkiplingp@imgur.com,Male,Internal Auditor,(350) 2622671,691 Alpine Avenue,Kaabong,Uganda,171.81.166.132
27,Vivi,Farnaby,vfarnabyq@usatoday.com,Male,Recruiter,(348) 9222886,7 Lunder Trail,Shuguang,China,28.8.163.103
28,Ambur,Antram,aantramr@mapquest.com,Agender,Human Resources Manager,(104) 4382579,93 Fallview Way,El Cubolero,Honduras,241.0.249.50
29,Zachariah,Guidini,zguidinis@soup.io,Male,Food Chemist,(164) 7707982,22279 Riverside Circle,Raca,Serbia,227.162.10.92
30,Antonella,Goudy,agoudyt@cnn.com,Male,Senior Sales Associate,(942) 6389683,04 Graceland Parkway,Zhongxiang,China,17.243.220.66
31,Eolande,Koppke,ekoppkeu@howstuffworks.com,Female,VP Quality Control,(497) 4710230,30213 Gerald Terrace,Portao,Brazil,145.0.16.3
32,Jelene,Dugall,jdugallv@prlog.org,Male,Software Test Engineer I,(411) 7185592,03 Mockingbird Trail,Kikuchi,Japan,13.33.110.141
33,Griff,Sacaze,gsacazew@nasa.gov,Female,Assistant Professor,(814) 2402682,4 Schurz Junction,Thun,Switzerland,93.214.60.221
34,Leodora,Coulson,lcoulsonx@yandex.ru,Male,Junior Executive,(286) 7898771,34630 Crest Line Park,Agadez,Niger,135.93.224.188
35,Agnella,Bointon,abointony@cargocollective.com,Male,Staff Accountant III,(512) 2414254,0 Prentice Point,Daba,China,76.92.140.197
36,Emmalee,Rappaport,erappaportz@istockphoto.com,Genderqueer,Clinical Specialist,(956) 7542865,02548 Dawn Lane,Pidsandawan,Philippines,64.11.157.26
37,Harri,Haddow,hhaddow10@vkontakte.ru,Female,Recruiter,(881) 1246754,179 Ridgeway Center,Nancheng,China,242.208.176.6
38,Carmine,Loudyan,cloudyan11@opensource.org,Male,Professor,(981) 6615717,36772 Prentice Road,Cuauhtemoc,Mexico,179.130.45.189
39,Morgen,Tottem,mtottem12@abc.net.au,Female,Desktop Support Technician,(182) 5356675,59 Blaine Lane,Yirga &lsquo;Alem,Ethiopia,10.250.81.49
40,Whittaker,Doe,wdoe13@storify.com,Male,Staff Scientist,(472) 6815055,1233 Laurel Place,Trstenik,Serbia,74.10.140.252
41,Tobe,Bonaire,tbonaire14@msu.edu,Agender,Staff Scientist,(222) 5160624,8207 South Court,Yangcun,China,117.238.128.141
42,Sharon,Fleckney,sfleckney15@github.com,Male,Assistant Manager,(644) 5231877,12 Service Court,Santa Cruz,Honduras,186.187.49.115
43,Ulrike,Drew,udrew16@noaa.gov,Female,Software Test Engineer IV,(374) 8644820,965 Arrowood Terrace,Al Ḩayfah,Yemen,104.6.87.202
44,Vinnie,Ainslee,vainslee17@liveinternet.ru,Female,Statistician I,(712) 2972318,29425 3rd Drive,Nikol&rsquo;skoye,Russia,202.119.70.9
45,Puff,Harry,pharry18@free.fr,Bigender,Software Test Engineer III,(506) 2126308,5 Hanover Alley,La Soledad,Mexico,97.84.241.134
46,Nappie,Steere,nsteere19@myspace.com,Female,Marketing Manager,(130) 6179215,6 Waywood Park,Chateaurenard,France,89.144.41.56
47,Marjorie,Bown,mbown1a@quantcast.com,Male,Nurse Practicioner,(581) 4189598,15805 Killdeer Center,Batugede Kulon,Indonesia,205.123.128.148
48,Christy,Stryde,cstryde1b@geocities.jp,Male,Biostatistician III,(865) 2403847,8 Mayer Avenue,Weihe,China,108.9.193.231
49,Burnaby,Berk,bberk1c@auda.org.au,Male,Automation Specialist II,(827) 2879518,4 Karstens Park,Huaizhong,China,98.62.179.168
50,Corette,Nutten,cnutten1d@cnet.com,Female,Senior Developer,(858) 2317893,001 Arizona Parkway,Brudzen Duzy,Poland,43.108.151.99
